{
    "needsErrorInfo": false,
    "mobileBottomRow": 28,
    "widgetName": "Progress1",
    "progressType": "linear",
    "isCanvas": false,
    "displayName": "Progress",
    "iconSVG": "https://appcdn.appsmith.com/static/media/icon.0e756c9f1cc78a1fb4b62bc6997e23eb.svg",
    "searchTags": ["percent"],
    "topRow": 24,
    "bottomRow": 28,
    "parentRowSpace": 10,
    "type": "PROGRESS_WIDGET",
    "isIndeterminate": false,
    "hideCard": false,
    "fillColor": "{{appsmith.theme.colors.primaryColor}}",
    "mobileRightColumn": 41,
    "parentColumnSpace": 13.234375,
    "leftColumn": 13,
    "dynamicBindingPathList": [
        {"key": "fillColor"},
        {"key": "borderRadius"}
    ],
    "key": "5vf9cu95ev",
    "showResult": false,
    "isDeprecated": false,
    "rightColumn": 41,
    "counterClosewise": false,
    "thumbnailSVG": "https://appcdn.appsmith.com/static/media/thumbnail.b99132f26b7fae778b21ebedf9748338.svg",
    "widgetId": "grlfb064xi",
    "onCanvasUI": {
        "focusBGCSSVar": "--on-canvas-ui-widget-focus",
        "disableParentSelection": false,
        "focusColorCSSVar": "--on-canvas-ui-widget-selection",
        "selectionBGCSSVar": "--on-canvas-ui-widget-selection",
        "selectionColorCSSVar": "--on-canvas-ui-widget-focus"
    },
    "isVisible": true,
    "steps": 1,
    "version": 1,
    "parentId": "0",
    "tags": ["Content"],
    "renderMode": "CANVAS",
    "isLoading": false,
    "mobileTopRow": 24,
    "responsiveBehavior": "fill",
    "borderRadius": "{{appsmith.theme.borderRadius.appBorderRadius}}",
    "mobileLeftColumn": 13,
    "progress": 50
}